Strain,Contigs,Largest_contig,Genome_size_bp,GC_pct,N50,L50,cgMLST_called_pct,Gene_count
cmccj_0565,17,542515,1698264,30.35,189431,3,98.36,1710
cmccj_0566,18,542689,1697436,30.36,160400,3,97.99,1710
cmccj_0567,15,635737,1723887,30.32,189412,3,96.65,1744
cmccj_0568,28,334194,1856946,30.05,187794,4,97.17,1911
cmccj_0569,31,542574,1708272,30.36,189431,3,97.99,1721
cmccj_0570,23,562796,1801628,30.17,153955,3,96.95,1853
cmccj_0571,46,327107,1797453,30.05,185233,4,90.62,1808
cmccj_0582,27,441960,1765375,30.31,154321,4,97.24,1828
cmccj_0584,26,338578,1815138,30.15,298814,3,97.24,1856
cmccj_0593,17,542513,1698275,30.36,189431,3,97.62,1710
cmccj_0594,22,366680,1698183,30.36,160395,4,97.77,1708
cmccj_0596,29,470396,1716292,30.51,197668,3,97.24,1722
cmccj_0597,17,542514,1698282,30.36,189432,3,97.99,1709
cmccj_0598,17,369556,1671495,30.33,221697,3,95.9,1698
cmccj_0599,24,477062,1708405,30.4,143190,4,91.81,1723
cmccj_0601,19,594474,1665695,30.43,153945,3,97.1,1680
cmccj_0603,20,463970,1628393,30.56,186509,3,97.47,1651
cmccj_0604,17,545645,1680672,30.37,305684,2,94.94,1702
cmccj_0605,16,482169,1668327,30.34,221114,3,95.83,1707
cmccj_0606,18,661778,1667828,30.46,186118,2,95.38,1683
cmccj_0607,20,559494,1667308,30.47,154242,3,95.9,1682
cmccj_0608,37,301914,1757338,30.18,214292,4,95.53,1790
cmccj_0609,21,351107,1652413,30.45,204859,4,96.43,1679
cmccj_0610,18,366684,1698076,30.35,175703,4,97.69,1709
cmccj_0611,17,542520,1698476,30.35,189431,3,98.06,1709
cmccj_0614,28,334222,1794109,30.12,259638,3,97.39,1829
cmccj_0615,7,795721,1638760,30.35,305683,2,95.46,1650
cmccj_0616,15,521700,1715183,30.26,221521,3,95.38,1754
cmccj_0617,50,310851,1782716,30.16,181334,4,91.36,1799
cmccj_0618,27,333894,1726589,30.25,179982,4,96.43,1739
cmccj_0619,16,556850,1635654,30.43,183589,3,97.1,1667
cmccj_0620,15,521523,1714093,30.26,221617,3,95.09,1753
cmccj_0621,15,521487,1714061,30.26,221618,3,95.31,1752
cmccj_0622,20,389371,1720036,30.32,237174,3,97.77,1769
cmccj_1186,17,662194,1669393,30.47,188033,2,96.43,1683
cmccj_1187,17,542515,1696387,30.36,160397,3,97.39,1710
cmccj_1188,36,330773,1749119,30.28,248248,3,96.65,1762
cmccj_1190,17,555230,1641651,30.48,278768,2,97.69,1670
cmccj_1196,24,340882,1604618,30.47,204683,4,97.99,1603
cmccj_1207,18,843524,1734512,30.29,154497,2,96.2,1758
cmccj_1223,50,324480,1781137,30.16,179597,4,90.17,1796
cmccj_1231,16,556211,1713845,30.4,221129,3,95.68,1731
cmccj_1236,23,410414,1738618,30.4,160377,4,97.02,1765
cmccj_1238,20,499326,1711444,30.35,188096,3,94.71,1734
cmccj_1244,15,727028,1693148,30.41,188196,2,96.5,1731
cmccj_1271,15,639405,1658042,30.36,285701,2,97.77,1675
cmccj_1272,18,548544,1637064,30.5,295375,2,96.35,1633
cmccj_1273,2608,363734,4054449,38.15,1746,153,97.17,3697
cmccj_1278-1,20,340838,1723276,30.32,175788,4,96.43,1743
cmccj_1279,16,586342,1674420,30.46,189395,3,96.2,1689
cmccj_1611,13,660645,1682108,30.38,295390,2,95.38,1677
cmccj_1612,46,459883,1772320,30.1,149514,4,91.29,1830
cmccj_1613,20,337037,1693184,30.34,254373,3,96.8,1724
cmccj_1616,22,336560,1695306,30.35,254373,3,97.1,1724
cmccj_1617,15,548556,1687744,30.44,297212,2,97.77,1702
cmccj_1618,19,542430,1690804,30.44,197758,3,97.32,1705
cmccj_1806,18,548544,1635140,30.47,189411,3,96.35,1630
cmccj_1811,19,391826,1677717,30.35,161080,4,97.54,1682
cmccj_1814,33,586372,1733928,30.39,160377,3,96.43,1761
cmccj_1822,48,675245,1755907,30.15,311860,2,82.06,1794
cmccj_1823,18,544222,1654662,30.51,285498,2,98.06,1681
cmccj_1824,19,544225,1651609,30.45,285498,2,98.21,1680
cmccj_1825,25,544230,1655935,30.5,285497,2,98.14,1681
cmccj_1827,20,548293,1677764,30.5,198083,3,96.35,1685
cmccj_1828,16,548471,1675390,30.45,198176,3,96.57,1685
cmccj_1829,44,404080,1751839,30.13,283782,3,92.55,1744
cmccj_1830,16,549736,1676746,30.46,198083,3,96.57,1685
cmccj_1831,22,548295,1678561,30.51,189412,3,96.43,1687
cmccj_1832,21,548293,1675918,30.47,189410,3,96.72,1685
cmccj_1833,21,548294,1676736,30.48,189410,3,96.65,1685
cmccj_1834,15,549691,1675907,30.45,198176,3,96.65,1684
cmccj_1835,17,548294,1674713,30.45,198176,3,96.87,1684
cmccj_1836,20,548293,1676560,30.48,198083,3,96.72,1685
cmccj_1837,21,359463,1771320,30.16,261001,3,95.61,1806
cmccj_1839,18,375667,1822417,30.15,245538,3,96.72,1895
cmccj_1840,19,375634,1823223,30.16,245537,3,96.72,1896
cmccj_1841,18,359462,1769752,30.14,261001,3,95.23,1805
cmccj_1842,15,375668,1823493,30.19,297572,3,96.65,1895
cmccj_1843,26,350773,1735575,30.21,248456,3,94.56,1752
cmccj_1845,24,350773,1736096,30.21,248455,3,94.12,1754
cmccj_1846,24,350773,1736094,30.21,248457,3,94.19,1754
cmccj_1847,34,299887,1739215,30.44,153948,4,96.28,1756
cmccj_1848,32,299887,1737530,30.41,153948,4,96.43,1755
cmccj_1853,36,344500,1729550,30.39,182429,4,96.72,1757
cmccj_1855,15,430211,1823026,30.15,254374,3,96.72,1895
cmccj_1856,18,375635,1821441,30.16,240123,3,96.95,1893
