Strain,Draft_reactions,Gapfilled_reactions,Final_reactions
cmccj_1186,1332,178,1510
cmccj_1187,1328,189,1517
cmccj_1188,1271,204,1475
cmccj_1190,1313,204,1517
cmccj_1196,1319,211,1530
cmccj_1207,1363,184,1547
cmccj_1223,1315,208,1523
cmccj_1231,1352,189,1541
cmccj_1236,1325,190,1515
cmccj_1238,1259,179,1438
cmccj_1244,1330,170,1500
cmccj_1271,1261,222,1483
cmccj_1272,1325,180,1505
cmccj_1273,1378,161,1539
cmccj_1278-1,1326,213,1539
cmccj_1279,1326,190,1516
cmccj_1611,1332,168,1500
cmccj_1612,1227,183,1410
cmccj_1613,1354,179,1533
cmccj_1616,1354,179,1533
cmccj_1617,1340,180,1520
cmccj_1618,1340,180,1520
cmccj_1806,1322,190,1512
cmccj_1811,1339,179,1518
cmccj_1814,1325,187,1512
cmccj_1822,1218,173,1391
cmccj_1823,1251,173,1424
cmccj_1824,1251,173,1424
cmccj_1825,1251,173,1424
cmccj_1827,1326,243,1569
cmccj_1828,1326,213,1539
cmccj_1829,1298,189,1487
cmccj_1830,1326,213,1539
cmccj_1831,1326,243,1569
cmccj_1832,1326,243,1569
cmccj_1833,1326,213,1539
cmccj_1834,1326,213,1539
cmccj_1835,1326,213,1539
cmccj_1836,1326,213,1539
cmccj_1837,1336,86,1422
cmccj_1839,1357,172,1529
cmccj_1840,1357,172,1529
cmccj_1841,1336,86,1422
cmccj_1842,1357,172,1529
cmccj_1843,1277,207,1484
cmccj_1845,1277,192,1469
cmccj_1846,1277,192,1469
cmccj_1847,1332,181,1513
cmccj_1848,1332,178,1510
cmccj_1853,1354,179,1533
cmccj_1855,1357,172,1529
cmccj_1856,1357,172,1529
cmccj_0565,1328,189,1517
cmccj_0566,1328,189,1517
cmccj_0567,1326,213,1539
cmccj_0568,1321,194,1515
cmccj_0569,1328,189,1517
cmccj_0570,1288,186,1474
cmccj_0571,1294,209,1503
cmccj_0582,1265,212,1477
cmccj_0584,1342,175,1517
cmccj_0593,1328,189,1517
cmccj_0597,1328,189,1517
cmccj_0598,1326,183,1509
cmccj_0604,1323,178,1501
cmccj_0605,1323,201,1524
cmccj_0606,1330,183,1513
cmccj_0607,1330,183,1513
cmccj_0608,1273,188,1461
cmccj_0609,1325,220,1545
cmccj_0610,1328,189,1517
cmccj_0611,1328,189,1517
cmccj_0614,1321,198,1519
cmccj_0615,1319,173,1492
cmccj_0616,1326,162,1488
cmccj_0617,1289,185,1474
cmccj_0618,1272,194,1466
cmccj_0619,1313,220,1533
cmccj_0620,1326,162,1488
cmccj_0621,1323,147,1470
cmccj_0622,1313,204,1517
cmccj_0594,1328,188,1516
cmccj_0596,1340,155,1495
cmccj_0599,1328,182,1510
cmccj_0601,1332,172,1504
cmccj_0603,1270,194,1464
