Strain	Name	Completeness_pct	Contamination_pct	Genome_Size	GC_Content	Total_Contigs
	Campylobacter_jejuni_subsp_jejuni_ATCC_33560	99.99	0.04	1768424	0.3	1
cmccj_1186	FG_1186_target_jejuni	99.99	0.04	1669393	0.3	17
cmccj_1187	FG_1187_target_jejuni	99.99	0.05	1696387	0.3	17
cmccj_1188	FG_1188_target_jejuni	100.0	0.03	1749119	0.3	36
cmccj_1190	FG_1190_target_jejuni	99.99	0.05	1641651	0.3	17
cmccj_1196	FG_1196_target_jejuni	99.99	0.05	1604618	0.3	24
cmccj_1207	FG_1207_target_jejuni	99.99	0.02	1734512	0.3	18
cmccj_1223	FG_1223_target_jejuni	99.98	0.07	1781137	0.3	50
cmccj_1231	FG_1231_target_jejuni	99.99	0.02	1713845	0.3	16
cmccj_1236	FG_1236_target_jejuni	99.99	0.08	1738618	0.3	23
cmccj_1238	FG_1238_target_jejuni	99.99	0.05	1711444	0.3	20
cmccj_1244	FG_1244_target_jejuni	99.99	0.04	1693148	0.3	15
cmccj_1271	FG_1271_target_jejuni	99.99	0.09	1658042	0.3	15
cmccj_1272	FG_1272_target_jejuni	99.99	0.05	1637064	0.3	18
cmccj_1273	FG_1273_target_jejuni	100.0	21.82	4054449	0.38	2608
cmccj_1278-1	FG_1278-1_target_jejuni	99.98	0.11	1723276	0.3	20
cmccj_1279	FG_1279_target_jejuni	99.98	0.05	1674420	0.3	16
cmccj_1611	FG_1611_target_jejuni	99.99	0.02	1682108	0.3	13
cmccj_1612	FG_1612_target_jejuni	100.0	0.07	1772320	0.3	46
cmccj_1613	FG_1613_target_jejuni	99.99	0.03	1693184	0.3	20
cmccj_1616	FG_1616_target_jejuni	99.99	0.02	1695306	0.3	22
cmccj_1617	FG_1617_target_jejuni	99.99	0.04	1687744	0.3	15
cmccj_1618	FG_1618_target_jejuni	99.99	0.05	1690804	0.3	19
cmccj_1806	FG_1806_target_jejuni	99.99	0.05	1635140	0.3	18
cmccj_1811	FG_1811_target_jejuni	99.99	0.06	1677717	0.3	19
cmccj_1814	FG_1814_target_jejuni	99.99	0.06	1733928	0.3	33
cmccj_1822	FG_1822_target_jejuni	100.0	0.03	1755907	0.3	48
cmccj_1823	FG_1823_target_jejuni	99.97	0.15	1654662	0.31	18
cmccj_1824	FG_1824_target_jejuni	99.97	0.15	1651609	0.3	19
cmccj_1825	FG_1825_target_jejuni	99.98	0.14	1655935	0.31	25
cmccj_1827	FG_1827_target_jejuni	99.99	0.09	1677764	0.3	20
cmccj_1828	FG_1828_target_jejuni	99.99	0.05	1675390	0.3	16
cmccj_1829	FG_1829_target_jejuni	99.95	0.07	1751839	0.3	44
cmccj_1830	FG_1830_target_jejuni	99.99	0.05	1676746	0.3	16
cmccj_1831	FG_1831_target_jejuni	99.99	0.05	1678561	0.31	22
cmccj_1832	FG_1832_target_jejuni	99.99	0.05	1675918	0.3	21
cmccj_1833	FG_1833_target_jejuni	99.99	0.05	1676736	0.3	21
cmccj_1834	FG_1834_target_jejuni	99.98	0.05	1675907	0.3	15
cmccj_1835	FG_1835_target_jejuni	99.99	0.05	1674713	0.3	17
cmccj_1836	FG_1836_target_jejuni	99.99	0.05	1676560	0.3	20
cmccj_1837	FG_1837_target_jejuni	100.0	0.05	1771320	0.3	21
cmccj_1839	FG_1839_target_jejuni	99.99	0.05	1822417	0.3	18
cmccj_1840	FG_1840_target_jejuni	99.98	0.05	1823223	0.3	19
cmccj_1841	FG_1841_target_jejuni	99.99	0.05	1769752	0.3	18
cmccj_1842	FG_1842_target_jejuni	99.99	0.05	1823493	0.3	15
cmccj_1843	FG_1843_target_jejuni	99.99	0.07	1735575	0.3	26
cmccj_1845	FG_1845_target_jejuni	99.99	0.04	1736096	0.3	24
cmccj_1846	FG_1846_target_jejuni	99.99	0.04	1736094	0.3	24
cmccj_1847	FG_1847_target_jejuni	100.0	0.04	1739215	0.3	34
cmccj_1848	FG_1848_target_jejuni	100.0	0.04	1737530	0.3	32
cmccj_1853	FG_1853_target_jejuni	99.99	0.08	1729550	0.3	36
cmccj_1855	FG_1855_target_jejuni	99.99	0.05	1823026	0.3	15
cmccj_1856	FG_1856_target_jejuni	99.99	0.05	1821441	0.3	18
cmccj_0565	MFDS2010850_target_jejuni	99.99	0.05	1698264	0.3	17
cmccj_0566	MFDS2010851_target_jejuni	99.99	0.05	1697436	0.3	18
cmccj_0567	MFDS2010852_target_jejuni	99.99	0.1	1723887	0.3	15
cmccj_0568	MFDS2010853_target_jejuni	100.0	0.06	1856946	0.3	28
cmccj_0569	MFDS2010854_target_jejuni	99.99	0.05	1708272	0.3	31
cmccj_0570	MFDS2010855_target_jejuni	99.99	0.13	1801628	0.3	23
cmccj_0571	MFDS2010856_target_jejuni	99.99	0.05	1797453	0.3	46
cmccj_0582	MFDS2010865_target_jejuni	100.0	0.16	1765375	0.3	27
cmccj_0584	MFDS2010867_target_jejuni	100.0	0.05	1815138	0.3	26
cmccj_0593	MFDS2010875_target_jejuni	99.99	0.05	1698275	0.3	17
cmccj_0597	MFDS2010876_target_jejuni	99.99	0.05	1698282	0.3	17
cmccj_0598	MFDS2010877_target_jejuni	99.99	0.03	1671495	0.3	17
cmccj_0604	MFDS2010878_target_jejuni	99.99	0.06	1680672	0.3	17
cmccj_0605	MFDS2010879_target_jejuni	99.99	0.05	1668327	0.3	16
cmccj_0606	MFDS2010880_target_jejuni	99.99	0.04	1667828	0.3	18
cmccj_0607	MFDS2010881_target_jejuni	99.99	0.04	1667308	0.3	20
cmccj_0608	MFDS2010882_target_jejuni	99.98	0.04	1757338	0.3	37
cmccj_0609	MFDS2010883_target_jejuni	100.0	0.07	1652413	0.3	21
cmccj_0610	MFDS2010884_target_jejuni	99.99	0.05	1698076	0.3	18
cmccj_0611	MFDS2010885_target_jejuni	99.99	0.05	1698476	0.3	17
cmccj_0614	MFDS2010888_target_jejuni	100.0	0.04	1794109	0.3	28
cmccj_0615	MFDS2010889_target_jejuni	99.99	0.06	1638760	0.3	7
cmccj_0616	MFDS2010890_target_jejuni	100.0	0.04	1715183	0.3	15
cmccj_0617	MFDS2010891_target_jejuni	99.99	0.11	1782716	0.3	50
cmccj_0618	MFDS2010892_target_jejuni	99.99	0.04	1726589	0.3	27
cmccj_0619	MFDS2010893_target_jejuni	99.97	0.06	1635654	0.3	16
cmccj_0620	MFDS2010894_target_jejuni	100.0	0.04	1714093	0.3	15
cmccj_0621	MFDS2010895_target_jejuni	100.0	0.04	1714061	0.3	15
cmccj_0622	MFDS2010896_target_jejuni	99.99	0.09	1720036	0.3	20
cmccj_0594	MFDS2010963_target_jejuni	99.99	0.05	1698183	0.3	22
cmccj_0596	MFDS2010965_target_jejuni	99.99	0.04	1716292	0.31	29
cmccj_0599	MFDS2010966_target_jejuni	99.99	0.04	1708405	0.3	24
cmccj_0601	MFDS2010968_target_jejuni	99.98	0.04	1665695	0.3	19
cmccj_0603	MFDS2010970_target_jejuni	99.99	0.04	1628393	0.31	20
