metric,spearman_rho,p_value,n
Completeness_pct,-0.09465639878192923,0.3859907512741976,86
Contamination_pct,0.05935845871200798,0.5872043361018611,86
Contigs,-0.21308982517065447,0.04885158502438141,86
N50,-0.13934889201720796,0.20068160136652777,86
Genome_size_bp,-0.1184529108541503,0.27737172266466453,86
GC_pct,0.2782204808116458,0.009492636608022397,86
cgMLST_called_pct,0.26483180132636996,0.013732712278435644,86
Gene_count,-0.11164492829104929,0.30611599384128607,86
Gapfilled_reactions,0.40853659005378784,9.42211281791996e-05,86
