focal_CC,reaction,pct_in,pct_out,pct_diff,p_nominal,fdr_bh
CC-443,EX_cpd00080_e0,0.0,62.0253164556962,-62.0253164556962,0.0019160780007912153,0.06331269165471547
CC-443,EX_cpd00100_e0,0.0,69.62025316455697,-69.62025316455697,0.0004893870634518321,0.05284445646856219
CC-443,EX_cpd00540_e0,0.0,83.54430379746836,-83.54430379746836,1.442715463859598e-05,0.0023835720485051786
CC-443,rxn00211_c0,0.0,64.55696202531645,-64.55696202531645,0.0012514923879041724,0.05284445646856219
CC-443,rxn00346_c0,0.0,89.87341772151899,-89.87341772151899,1.197610166400479e-06,0.000395724616412044
CC-443,rxn00358_c0,14.285714285714285,79.74683544303798,-65.4611211573237,0.0009204524659424234,0.05284445646856219
CC-443,rxn00532_c0,0.0,89.87341772151899,-89.87341772151899,1.197610166400479e-06,0.000395724616412044
CC-443,rxn00642_c0,14.285714285714285,88.60759493670885,-74.32188065099456,6.733230491096026e-05,0.009161154191708888
CC-443,rxn00657_c0,14.285714285714285,89.87341772151899,-75.58770343580471,4.0878427013136355e-05,0.005909487605086524
CC-443,rxn00671_c0,100.0,36.708860759493675,63.291139240506325,0.001553576757398283,0.05284445646856219
CC-443,rxn00779_c0,100.0,35.44303797468354,64.55696202531647,0.0012514923879041724,0.05284445646856219
CC-443,rxn00905_c0,0.0,89.87341772151899,-89.87341772151899,1.197610166400479e-06,0.000395724616412044
CC-443,rxn00912_c0,0.0,89.87341772151899,-89.87341772151899,1.197610166400479e-06,0.000395724616412044
CC-443,rxn01564_c0,0.0,63.29113924050633,-63.29113924050633,0.0015535767573982829,0.05284445646856219
CC-443,rxn01715_c0,0.0,63.29113924050633,-63.29113924050633,0.0015535767573982829,0.05284445646856219
CC-443,rxn01790_c0,0.0,89.87341772151899,-89.87341772151899,1.197610166400479e-06,0.000395724616412044
CC-443,rxn01791_c0,0.0,89.87341772151899,-89.87341772151899,1.197610166400479e-06,0.000395724616412044
CC-443,rxn01833_c0,0.0,63.29113924050633,-63.29113924050633,0.0015535767573982829,0.05284445646856219
CC-443,rxn01836_c0,0.0,63.29113924050633,-63.29113924050633,0.0015535767573982829,0.05284445646856219
CC-443,rxn01841_c0,100.0,35.44303797468354,64.55696202531647,0.0012514923879041724,0.05284445646856219
CC-443,rxn01903_c0,0.0,63.29113924050633,-63.29113924050633,0.0015535767573982829,0.05284445646856219
CC-443,rxn01944_c0,100.0,35.44303797468354,64.55696202531647,0.0012514923879041724,0.05284445646856219
CC-443,rxn02081_c0,0.0,63.29113924050633,-63.29113924050633,0.0015535767573982829,0.05284445646856219
CC-443,rxn02087_c0,0.0,63.29113924050633,-63.29113924050633,0.0015535767573982829,0.05284445646856219
CC-443,rxn02107_c0,85.71428571428571,7.59493670886076,78.11934900542495,1.287277389115592e-05,0.0023835720485051786
CC-443,rxn02365_c0,100.0,36.708860759493675,63.291139240506325,0.001553576757398283,0.05284445646856219
CC-443,rxn02424_c0,100.0,39.24050632911392,60.75949367088608,0.0023487407751634254,0.07545329740212504
CC-443,rxn02744_c0,100.0,35.44303797468354,64.55696202531647,0.0012514923879041724,0.05284445646856219
CC-443,rxn02826_c0,0.0,63.29113924050633,-63.29113924050633,0.0015535767573982829,0.05284445646856219
CC-443,rxn02993_c0,0.0,63.29113924050633,-63.29113924050633,0.0015535767573982829,0.05284445646856219
CC-443,rxn03055_c0,100.0,35.44303797468354,64.55696202531647,0.0012514923879041724,0.05284445646856219
CC-443,rxn03195_c0,0.0,63.29113924050633,-63.29113924050633,0.0015535767573982829,0.05284445646856219
CC-443,rxn03336_c0,100.0,35.44303797468354,64.55696202531647,0.0012514923879041724,0.05284445646856219
CC-443,rxn03340_c0,100.0,35.44303797468354,64.55696202531647,0.0012514923879041724,0.05284445646856219
CC-443,rxn03341_c0,100.0,35.44303797468354,64.55696202531647,0.0012514923879041724,0.05284445646856219
CC-443,rxn03342_c0,0.0,63.29113924050633,-63.29113924050633,0.0015535767573982829,0.05284445646856219
CC-443,rxn03344_c0,100.0,35.44303797468354,64.55696202531647,0.0012514923879041724,0.05284445646856219
CC-443,rxn03345_c0,0.0,63.29113924050633,-63.29113924050633,0.0015535767573982829,0.05284445646856219
CC-443,rxn03346_c0,0.0,63.29113924050633,-63.29113924050633,0.0015535767573982829,0.05284445646856219
CC-443,rxn03358_c0,0.0,64.55696202531645,-64.55696202531645,0.0012514923879041724,0.05284445646856219
CC-443,rxn03359_c0,0.0,63.29113924050633,-63.29113924050633,0.0015535767573982829,0.05284445646856219
CC-443,rxn03400_c0,100.0,35.44303797468354,64.55696202531647,0.0012514923879041724,0.05284445646856219
CC-443,rxn03654_c0,100.0,35.44303797468354,64.55696202531647,0.0012514923879041724,0.05284445646856219
CC-443,rxn03962_c0,0.0,88.60759493670885,-88.60759493670885,2.129084740267518e-06,0.0004924573004238769
CC-443,rxn04865_c0,0.0,88.60759493670885,-88.60759493670885,2.129084740267518e-06,0.0004924573004238769
CC-443,rxn04866_c0,0.0,88.60759493670885,-88.60759493670885,2.129084740267518e-06,0.0004924573004238769
CC-443,rxn04907_c0,100.0,35.44303797468354,64.55696202531647,0.0012514923879041724,0.05284445646856219
CC-443,rxn05578_c0,0.0,69.62025316455697,-69.62025316455697,0.0004893870634518321,0.05284445646856219
CC-443,rxn05579_c0,0.0,83.54430379746836,-83.54430379746836,1.442715463859598e-05,0.0023835720485051786
CC-443,rxn08111_c0,100.0,35.44303797468354,64.55696202531647,0.0012514923879041724,0.05284445646856219
CC-443,rxn09177_c0,14.285714285714285,75.9493670886076,-61.66365280289332,0.0021000145447754043,0.06841314988824664
CC-443,rxn09882_c0,100.0,35.44303797468354,64.55696202531647,0.0012514923879041724,0.05284445646856219
CC-443,rxn09956_c0,100.0,37.9746835443038,62.0253164556962,0.001916078000791216,0.06331269165471547
CC-443,rxn09958_c0,100.0,35.44303797468354,64.55696202531647,0.0012514923879041724,0.05284445646856219
CC-443,rxn09960_c0,100.0,36.708860759493675,63.291139240506325,0.001553576757398283,0.05284445646856219
CC-443,rxn09972_c0,100.0,35.44303797468354,64.55696202531647,0.0012514923879041724,0.05284445646856219
CC-443,rxn09973_c0,100.0,35.44303797468354,64.55696202531647,0.0012514923879041724,0.05284445646856219
CC-443,rxn09974_c0,100.0,35.44303797468354,64.55696202531647,0.0012514923879041724,0.05284445646856219
CC-443,rxn09977_c0,100.0,35.44303797468354,64.55696202531647,0.0012514923879041724,0.05284445646856219
CC-443,rxn11196_c0,100.0,35.44303797468354,64.55696202531647,0.0012514923879041724,0.05284445646856219
CC-443,rxn11216_c0,0.0,82.27848101265823,-82.27848101265823,2.1640731957893967e-05,0.00333700086790725
CC-443,rxn11810_c0,100.0,35.44303797468354,64.55696202531647,0.0012514923879041724,0.05284445646856219
CC-443,rxn11811_c0,100.0,35.44303797468354,64.55696202531647,0.0012514923879041724,0.05284445646856219
CC-443,rxn11835_c0,100.0,35.44303797468354,64.55696202531647,0.0012514923879041724,0.05284445646856219
CC-443,rxn11875_c0,0.0,63.29113924050633,-63.29113924050633,0.0015535767573982829,0.05284445646856219
CC-443,rxn12038_c0,0.0,63.29113924050633,-63.29113924050633,0.0015535767573982829,0.05284445646856219
CC-443,rxn12039_c0,0.0,63.29113924050633,-63.29113924050633,0.0015535767573982829,0.05284445646856219
CC-443,rxn12375_c0,0.0,83.54430379746836,-83.54430379746836,1.442715463859598e-05,0.0023835720485051786
CC-443,rxn12529_c0,0.0,69.62025316455697,-69.62025316455697,0.0004893870634518321,0.05284445646856219
CC-443,rxn15094_c0,100.0,36.708860759493675,63.291139240506325,0.001553576757398283,0.05284445646856219
CC-443,rxn16218_c0,0.0,89.87341772151899,-89.87341772151899,1.197610166400479e-06,0.000395724616412044
CC-443,rxn25797_c0,0.0,63.29113924050633,-63.29113924050633,0.0015535767573982829,0.05284445646856219
CC-658,rxn00023_c0,75.0,10.975609756097562,64.02439024390245,0.007899489299782677,1.0
CC-658,rxn00078_c0,100.0,25.609756097560975,74.39024390243902,0.0059569919309836565,1.0
CC-658,rxn00174_c0,75.0,8.536585365853659,66.46341463414635,0.004393575866883599,1.0
CC-658,rxn00623_c0,75.0,10.975609756097562,64.02439024390245,0.007899489299782677,1.0
CC-658,rxn00656_c0,100.0,28.04878048780488,71.95121951219512,0.00826444335089037,1.0
CC-658,rxn01317_c0,75.0,2.4390243902439024,72.5609756097561,0.0003837903892293818,0.14795119504792667
CC-658,rxn01395_c0,75.0,1.2195121951219512,73.78048780487805,0.00015492888105087934,0.07167010037413678
CC-658,rxn04793_c0,100.0,23.170731707317074,76.82926829268293,0.00416989435168856,1.0
CC-658,rxn06081_c0,75.0,10.975609756097562,64.02439024390245,0.007899489299782677,1.0
CC-658,rxn07267_c0,75.0,10.975609756097562,64.02439024390245,0.007899489299782677,1.0
CC-658,rxn07949_c0,75.0,0.0,75.0,3.908540160250147e-05,0.022601133476646475
CC-658,rxn08841_c0,75.0,6.097560975609756,68.90243902439025,0.002089891714601223,0.6905599336960897
CC-658,rxn09422_c0,75.0,0.0,75.0,3.908540160250147e-05,0.022601133476646475
CC-658,rxn12448_c0,75.0,0.0,75.0,3.908540160250147e-05,0.022601133476646475
CC-658,rxn25963_c0,75.0,0.0,75.0,3.908540160250147e-05,0.022601133476646475
