CC,n,within,within_lo,within_hi,between,between_lo,between_hi,within_lt_between
CC-21,36,2.6740413455487966,2.0964942184791235,3.221143109770476,3.2383892238639893,2.832373127107575,3.7070031032251327,True
CC-354,8,4.654360889483333,1.9092379532264907,6.425822419405174,3.860688663856578,2.749510724431774,5.436354185192403,False
CC-443,7,2.968323168326749,1.7423608079343305,3.122290758524058,3.254478697468765,2.792444769988294,3.7557867159448026,True
CC-45,6,3.4180976099187705,1.2579174233424577,4.001055950754712,3.442246126629804,2.804714046119163,4.066848449471166,True
CC-464,6,4.705372763657725,1.6092912763855514,5.577496775525744,3.883710330212589,2.718199833905052,5.333134542715708,False
CC-607,5,2.725397800783033,0.9985621500684697,2.725397800783033,3.1527409251475405,2.6508435836439914,3.5391831058387666,True
CC-658,4,3.115932053236346,0.8043141658161249,3.4767161782830094,3.417830265534289,2.6129201839370304,4.222639056187485,True
CC-48,3,4.075452625676046,1.1254974029518883,4.075452625676046,3.438964673704933,2.71263256663187,4.109334765086673,False
CC-5229,3,4.013894958058235,1.0045008340020298,4.013894958058236,3.509423800886836,2.485763346601083,4.4319116178726485,False
