reaction,pct_CC443,pct_CC658,pct_diff,p_nominal,fdr_bh,p_chicken_only
EX_cpd00100_e0,0.0,100.0,-100.0,0.0030303030303030303,0.26606060606060605,0.008333333333333333
rxn16218_c0,0.0,100.0,-100.0,0.0030303030303030303,0.26606060606060605,0.008333333333333333
rxn12529_c0,0.0,100.0,-100.0,0.0030303030303030303,0.26606060606060605,0.008333333333333333
rxn12375_c0,0.0,100.0,-100.0,0.0030303030303030303,0.26606060606060605,0.008333333333333333
rxn12220_c0,0.0,100.0,-100.0,0.0030303030303030303,0.26606060606060605,0.008333333333333333
rxn11216_c0,0.0,100.0,-100.0,0.0030303030303030303,0.26606060606060605,0.008333333333333333
rxn05579_c0,0.0,100.0,-100.0,0.0030303030303030303,0.26606060606060605,0.008333333333333333
rxn05578_c0,0.0,100.0,-100.0,0.0030303030303030303,0.26606060606060605,0.008333333333333333
rxn04866_c0,0.0,100.0,-100.0,0.0030303030303030303,0.26606060606060605,0.008333333333333333
rxn04865_c0,0.0,100.0,-100.0,0.0030303030303030303,0.26606060606060605,0.008333333333333333
rxn03962_c0,0.0,100.0,-100.0,0.0030303030303030303,0.26606060606060605,0.008333333333333333
rxn02303_c0,100.0,0.0,100.0,0.0030303030303030303,0.26606060606060605,0.008333333333333333
rxn01791_c0,0.0,100.0,-100.0,0.0030303030303030303,0.26606060606060605,0.008333333333333333
rxn01790_c0,0.0,100.0,-100.0,0.0030303030303030303,0.26606060606060605,0.008333333333333333
rxn00912_c0,0.0,100.0,-100.0,0.0030303030303030303,0.26606060606060605,0.008333333333333333
rxn00905_c0,0.0,100.0,-100.0,0.0030303030303030303,0.26606060606060605,0.008333333333333333
rxn04793_c0,0.0,100.0,-100.0,0.0030303030303030303,0.26606060606060605,0.008333333333333333
rxn00532_c0,0.0,100.0,-100.0,0.0030303030303030303,0.26606060606060605,0.008333333333333333
EX_cpd00540_e0,0.0,100.0,-100.0,0.0030303030303030303,0.26606060606060605,0.008333333333333333
rxn00346_c0,0.0,100.0,-100.0,0.0030303030303030303,0.26606060606060605,0.008333333333333333
rxn09177_c0,14.285714285714285,100.0,-85.71428571428572,0.01515151515151515,0.30191274446593597,0.03333333333333333
rxn00642_c0,14.285714285714285,100.0,-85.71428571428572,0.01515151515151515,0.30191274446593597,0.03333333333333333
rxn00656_c0,14.285714285714285,100.0,-85.71428571428572,0.01515151515151515,0.30191274446593597,0.03333333333333333
rxn00657_c0,14.285714285714285,100.0,-85.71428571428572,0.01515151515151515,0.30191274446593597,0.03333333333333333
rxn00358_c0,14.285714285714285,100.0,-85.71428571428572,0.01515151515151515,0.30191274446593597,0.03333333333333333
rxn02107_c0,85.71428571428571,0.0,85.71428571428571,0.015151515151515154,0.30191274446593597,0.03333333333333333
rxn09882_c0,100.0,25.0,75.0,0.024242424242424242,0.30191274446593597,0.008333333333333333
rxn09663_c0,100.0,25.0,75.0,0.024242424242424242,0.30191274446593597,0.008333333333333333
rxn07993_c0,0.0,75.0,-75.0,0.024242424242424242,0.30191274446593597,0.008333333333333333
rxn09422_c0,0.0,75.0,-75.0,0.024242424242424242,0.30191274446593597,0.008333333333333333
rxn09956_c0,100.0,25.0,75.0,0.024242424242424242,0.30191274446593597,0.008333333333333333
rxn08813_c0,0.0,75.0,-75.0,0.024242424242424242,0.30191274446593597,0.008333333333333333
rxn08670_c0,0.0,75.0,-75.0,0.024242424242424242,0.30191274446593597,0.008333333333333333
rxn08669_c0,0.0,75.0,-75.0,0.024242424242424242,0.30191274446593597,0.008333333333333333
rxn08111_c0,100.0,25.0,75.0,0.024242424242424242,0.30191274446593597,0.008333333333333333
rxn09655_c0,100.0,25.0,75.0,0.024242424242424242,0.30191274446593597,0.008333333333333333
rxn07991_c0,0.0,75.0,-75.0,0.024242424242424242,0.30191274446593597,0.008333333333333333
rxn09958_c0,100.0,25.0,75.0,0.024242424242424242,0.30191274446593597,0.008333333333333333
rxn07989_c0,0.0,75.0,-75.0,0.024242424242424242,0.30191274446593597,0.008333333333333333
rxn07987_c0,0.0,75.0,-75.0,0.024242424242424242,0.30191274446593597,0.008333333333333333
rxn07949_c0,0.0,75.0,-75.0,0.024242424242424242,0.30191274446593597,0.008333333333333333
rxn07482_c0,100.0,25.0,75.0,0.024242424242424242,0.30191274446593597,0.008333333333333333
rxn07267_c0,0.0,75.0,-75.0,0.024242424242424242,0.30191274446593597,0.008333333333333333
rxn06081_c0,0.0,75.0,-75.0,0.024242424242424242,0.30191274446593597,0.008333333333333333
rxn06038_c0,100.0,25.0,75.0,0.024242424242424242,0.30191274446593597,0.008333333333333333
rxn05942_c0,0.0,75.0,-75.0,0.024242424242424242,0.30191274446593597,0.008333333333333333
rxn05644_c0,0.0,75.0,-75.0,0.024242424242424242,0.30191274446593597,0.008333333333333333
rxn05611_c0,100.0,25.0,75.0,0.024242424242424242,0.30191274446593597,0.008333333333333333
rxn00174_c0,0.0,75.0,-75.0,0.024242424242424242,0.30191274446593597,0.008333333333333333
rxn07992_c0,0.0,75.0,-75.0,0.024242424242424242,0.30191274446593597,0.008333333333333333
rxn09960_c0,100.0,25.0,75.0,0.024242424242424242,0.30191274446593597,0.008333333333333333
rxn09974_c0,100.0,25.0,75.0,0.024242424242424242,0.30191274446593597,0.008333333333333333
rxn09973_c0,100.0,25.0,75.0,0.024242424242424242,0.30191274446593597,0.008333333333333333
rxn38971_c0,100.0,25.0,75.0,0.024242424242424242,0.30191274446593597,0.008333333333333333
rxn38862_c0,0.0,75.0,-75.0,0.024242424242424242,0.30191274446593597,0.008333333333333333
rxn31225_c0,0.0,75.0,-75.0,0.024242424242424242,0.30191274446593597,0.008333333333333333
rxn25963_c0,0.0,75.0,-75.0,0.024242424242424242,0.30191274446593597,0.008333333333333333
rxn19956_c0,0.0,75.0,-75.0,0.024242424242424242,0.30191274446593597,0.008333333333333333
EX_cpd00108_e0,100.0,25.0,75.0,0.024242424242424242,0.30191274446593597,0.008333333333333333
rxn16086_c0,100.0,25.0,75.0,0.024242424242424242,0.30191274446593597,0.008333333333333333
rxn15094_c0,100.0,25.0,75.0,0.024242424242424242,0.30191274446593597,0.008333333333333333
rxn14044_c0,100.0,25.0,75.0,0.024242424242424242,0.30191274446593597,0.008333333333333333
rxn13788_c0,100.0,25.0,75.0,0.024242424242424242,0.30191274446593597,0.008333333333333333
rxn12771_c0,100.0,25.0,75.0,0.024242424242424242,0.30191274446593597,0.008333333333333333
rxn12770_c0,100.0,25.0,75.0,0.024242424242424242,0.30191274446593597,0.008333333333333333
rxn12769_c0,100.0,25.0,75.0,0.024242424242424242,0.30191274446593597,0.008333333333333333
rxn09972_c0,100.0,25.0,75.0,0.024242424242424242,0.30191274446593597,0.008333333333333333
rxn12768_c0,100.0,25.0,75.0,0.024242424242424242,0.30191274446593597,0.008333333333333333
rxn12681_c0,100.0,25.0,75.0,0.024242424242424242,0.30191274446593597,0.008333333333333333
EX_cpd00138_e0,100.0,25.0,75.0,0.024242424242424242,0.30191274446593597,0.008333333333333333
rxn12448_c0,0.0,75.0,-75.0,0.024242424242424242,0.30191274446593597,0.008333333333333333
rxn00023_c0,0.0,75.0,-75.0,0.024242424242424242,0.30191274446593597,0.008333333333333333
rxn12029_c0,0.0,75.0,-75.0,0.024242424242424242,0.30191274446593597,0.008333333333333333
rxn11896_c0,100.0,25.0,75.0,0.024242424242424242,0.30191274446593597,0.008333333333333333
rxn11835_c0,100.0,25.0,75.0,0.024242424242424242,0.30191274446593597,0.008333333333333333
rxn11811_c0,100.0,25.0,75.0,0.024242424242424242,0.30191274446593597,0.008333333333333333
rxn11810_c0,100.0,25.0,75.0,0.024242424242424242,0.30191274446593597,0.008333333333333333
rxn11381_c0,100.0,25.0,75.0,0.024242424242424242,0.30191274446593597,0.008333333333333333
rxn11158_c0,100.0,25.0,75.0,0.024242424242424242,0.30191274446593597,0.008333333333333333
rxn09977_c0,100.0,25.0,75.0,0.024242424242424242,0.30191274446593597,0.008333333333333333
rxn05573_c0,100.0,25.0,75.0,0.024242424242424242,0.30191274446593597,0.008333333333333333
rxn12767_c0,100.0,25.0,75.0,0.024242424242424242,0.30191274446593597,0.008333333333333333
rxn05569_c0,0.0,75.0,-75.0,0.024242424242424242,0.30191274446593597,0.008333333333333333
rxn00149_c0,100.0,25.0,75.0,0.024242424242424242,0.30191274446593597,0.008333333333333333
rxn04951_c0,100.0,25.0,75.0,0.024242424242424242,0.30191274446593597,0.008333333333333333
rxn02273_c0,100.0,25.0,75.0,0.024242424242424242,0.30191274446593597,0.008333333333333333
rxn02172_c0,100.0,25.0,75.0,0.024242424242424242,0.30191274446593597,0.008333333333333333
rxn05566_c0,100.0,25.0,75.0,0.024242424242424242,0.30191274446593597,0.008333333333333333
rxn02141_c0,100.0,25.0,75.0,0.024242424242424242,0.30191274446593597,0.008333333333333333
rxn01993_c0,100.0,25.0,75.0,0.024242424242424242,0.30191274446593597,0.008333333333333333
rxn01944_c0,100.0,25.0,75.0,0.024242424242424242,0.30191274446593597,0.008333333333333333
rxn01943_c0,100.0,25.0,75.0,0.024242424242424242,0.30191274446593597,0.008333333333333333
rxn01918_c0,100.0,25.0,75.0,0.024242424242424242,0.30191274446593597,0.008333333333333333
rxn01888_c0,100.0,25.0,75.0,0.024242424242424242,0.30191274446593597,0.008333333333333333
rxn01868_c0,100.0,25.0,75.0,0.024242424242424242,0.30191274446593597,0.008333333333333333
rxn01867_c0,100.0,25.0,75.0,0.024242424242424242,0.30191274446593597,0.008333333333333333
rxn01841_c0,100.0,25.0,75.0,0.024242424242424242,0.30191274446593597,0.008333333333333333
rxn01840_c0,100.0,25.0,75.0,0.024242424242424242,0.30191274446593597,0.008333333333333333
rxn00508_c0,100.0,25.0,75.0,0.024242424242424242,0.30191274446593597,0.008333333333333333
rxn01741_c0,100.0,25.0,75.0,0.024242424242424242,0.30191274446593597,0.008333333333333333
rxn01729_c0,100.0,25.0,75.0,0.024242424242424242,0.30191274446593597,0.008333333333333333
rxn01529_c0,100.0,25.0,75.0,0.024242424242424242,0.30191274446593597,0.008333333333333333
rxn01453_c0,100.0,25.0,75.0,0.024242424242424242,0.30191274446593597,0.008333333333333333
rxn01317_c0,0.0,75.0,-75.0,0.024242424242424242,0.30191274446593597,0.008333333333333333
rxn01273_c0,100.0,25.0,75.0,0.024242424242424242,0.30191274446593597,0.008333333333333333
rxn01122_c0,100.0,25.0,75.0,0.024242424242424242,0.30191274446593597,0.008333333333333333
rxn01053_c0,100.0,25.0,75.0,0.024242424242424242,0.30191274446593597,0.008333333333333333
rxn01032_c0,100.0,25.0,75.0,0.024242424242424242,0.30191274446593597,0.008333333333333333
rxn00957_c0,100.0,25.0,75.0,0.024242424242424242,0.30191274446593597,0.008333333333333333
rxn00623_c0,0.0,75.0,-75.0,0.024242424242424242,0.30191274446593597,0.008333333333333333
rxn00779_c0,100.0,25.0,75.0,0.024242424242424242,0.30191274446593597,0.008333333333333333
rxn00671_c0,100.0,25.0,75.0,0.024242424242424242,0.30191274446593597,0.008333333333333333
rxn00507_c0,100.0,25.0,75.0,0.024242424242424242,0.30191274446593597,0.008333333333333333
rxn02365_c0,100.0,25.0,75.0,0.024242424242424242,0.30191274446593597,0.008333333333333333
rxn02142_c0,100.0,25.0,75.0,0.024242424242424242,0.30191274446593597,0.008333333333333333
rxn02575_c0,100.0,25.0,75.0,0.024242424242424242,0.30191274446593597,0.008333333333333333
rxn04907_c0,100.0,25.0,75.0,0.024242424242424242,0.30191274446593597,0.008333333333333333
rxn38972_c0,100.0,25.0,75.0,0.024242424242424242,0.30191274446593597,0.008333333333333333
rxn03969_c0,100.0,25.0,75.0,0.024242424242424242,0.30191274446593597,0.008333333333333333
rxn00429_c0,100.0,25.0,75.0,0.024242424242424242,0.30191274446593597,0.008333333333333333
rxn03935_c0,100.0,25.0,75.0,0.024242424242424242,0.30191274446593597,0.008333333333333333
rxn03934_c0,100.0,25.0,75.0,0.024242424242424242,0.30191274446593597,0.008333333333333333
rxn03861_c0,100.0,25.0,75.0,0.024242424242424242,0.30191274446593597,0.008333333333333333
rxn03654_c0,100.0,25.0,75.0,0.024242424242424242,0.30191274446593597,0.008333333333333333
rxn03601_c0,100.0,25.0,75.0,0.024242424242424242,0.30191274446593597,0.008333333333333333
rxn02424_c0,100.0,25.0,75.0,0.024242424242424242,0.30191274446593597,0.008333333333333333
rxn03583_c0,100.0,25.0,75.0,0.024242424242424242,0.30191274446593597,0.008333333333333333
rxn03551_c0,100.0,25.0,75.0,0.024242424242424242,0.30191274446593597,0.008333333333333333
rxn03550_c0,100.0,25.0,75.0,0.024242424242424242,0.30191274446593597,0.008333333333333333
rxn03455_c0,100.0,25.0,75.0,0.024242424242424242,0.30191274446593597,0.008333333333333333
rxn03584_c0,100.0,25.0,75.0,0.024242424242424242,0.30191274446593597,0.008333333333333333
rxn03344_c0,100.0,25.0,75.0,0.024242424242424242,0.30191274446593597,0.008333333333333333
rxn02744_c0,100.0,25.0,75.0,0.024242424242424242,0.30191274446593597,0.008333333333333333
rxn02770_c0,100.0,25.0,75.0,0.024242424242424242,0.30191274446593597,0.008333333333333333
rxn02815_c0,100.0,25.0,75.0,0.024242424242424242,0.30191274446593597,0.008333333333333333
rxn03055_c0,100.0,25.0,75.0,0.024242424242424242,0.30191274446593597,0.008333333333333333
rxn03400_c0,100.0,25.0,75.0,0.024242424242424242,0.30191274446593597,0.008333333333333333
rxn90071_c0,100.0,25.0,75.0,0.024242424242424242,0.30191274446593597,0.008333333333333333
rxn03341_c0,100.0,25.0,75.0,0.024242424242424242,0.30191274446593597,0.008333333333333333
rxn03336_c0,100.0,25.0,75.0,0.024242424242424242,0.30191274446593597,0.008333333333333333
rxn03340_c0,100.0,25.0,75.0,0.024242424242424242,0.30191274446593597,0.008333333333333333
rxn05909_c0,71.42857142857143,0.0,71.42857142857143,0.0606060606060606,0.7390572390572391,0.16666666666666669
rxn38273_c0,28.57142857142857,100.0,-71.42857142857143,0.06060606060606061,0.7390572390572391,0.16666666666666669
rxn00078_c0,28.57142857142857,100.0,-71.42857142857143,0.06060606060606061,0.7390572390572391,0.16666666666666669
rxn08841_c0,14.285714285714285,75.0,-60.714285714285715,0.08787878787878788,1.0,0.03333333333333333
rxn03572_c0,14.285714285714285,75.0,-60.714285714285715,0.08787878787878788,1.0,0.03333333333333333
rxn31363_c0,14.285714285714285,75.0,-60.714285714285715,0.08787878787878788,1.0,0.03333333333333333
rxn31335_c0,14.285714285714285,75.0,-60.714285714285715,0.08787878787878788,1.0,0.03333333333333333
rxn10204_c0,14.285714285714285,75.0,-60.714285714285715,0.08787878787878788,1.0,0.03333333333333333
rxn00964_c0,14.285714285714285,75.0,-60.714285714285715,0.08787878787878788,1.0,0.03333333333333333
rxn10239_c0,14.285714285714285,75.0,-60.714285714285715,0.08787878787878788,1.0,0.03333333333333333
rxn06043_c0,14.285714285714285,75.0,-60.714285714285715,0.08787878787878788,1.0,0.03333333333333333
rxn01395_c0,14.285714285714285,75.0,-60.714285714285715,0.08787878787878788,1.0,0.03333333333333333
rxn10254_c0,85.71428571428571,25.0,60.71428571428571,0.08787878787878789,1.0,0.03333333333333333
rxn00621_c0,57.14285714285714,0.0,57.14285714285714,0.19393939393939394,1.0,0.19999999999999998
rxn06139_c0,57.14285714285714,0.0,57.14285714285714,0.19393939393939394,1.0,0.19999999999999998
