CC,n,direction,n_reactions,top_pathways
CC-21,36,depleted,13,Glyoxylate and dicarboxylate metabolism (1); Butanoate metabolism (1)
CC-21,36,enriched,53,Degradation of aromatic compounds (9); Toluene degradation (5); Xylene degradation (4)
CC-354,8,depleted,13,Riboflavin metabolism (1); Arginine and proline metabolism (1); C5-Branched dibasic acid metabolism (1)
CC-354,8,enriched,47,"Tyrosine metabolism (6); Drug metabolism - cytochrome P450 (3); Valine, leucine and isoleucine degradation (1)"
CC-443,7,depleted,16,Pantothenate and CoA biosynthesis (4); beta-Alanine metabolism (3); Propanoate metabolism (2)
CC-443,7,enriched,1,Naphthalene degradation (1); Degradation of aromatic compounds (1)
CC-45,6,depleted,50,Degradation of aromatic compounds (9); Toluene degradation (5); Cysteine and methionine metabolism (4)
CC-45,6,enriched,56,Glutathione metabolism (3); Phosphonate and phosphinate metabolism (3); Sulfur metabolism (2)
CC-464,6,depleted,50,Degradation of aromatic compounds (9); Toluene degradation (5); Xylene degradation (4)
CC-464,6,enriched,9,(no KEGG pathway annotation)
CC-607,5,depleted,7,Cysteine and methionine metabolism (1); One carbon pool by folate (1)
CC-607,5,enriched,18,Naphthalene degradation (1); Degradation of aromatic compounds (1)
CC-658,4,depleted,0,(no KEGG pathway annotation)
CC-658,4,enriched,4,(no KEGG pathway annotation)
CC-48,3,depleted,0,(no KEGG pathway annotation)
CC-48,3,enriched,0,(no KEGG pathway annotation)
CC-5229,3,depleted,0,(no KEGG pathway annotation)
CC-5229,3,enriched,34,Lysine degradation (3); Pentose and glucuronate interconversions (3); Pyruvate metabolism (3)
